period,rank,word,similarity,cross_space
mingqing,1,暗喜,0.150777,True
mingqing,2,伏气,0.116522,True
mingqing,3,快畅,0.113958,True
mingqing,4,弃,0.107709,True
mingqing,5,不已,0.097672,True
mingqing,6,大喜,0.088661,True
mingqing,7,觉心,0.087721,True
mingqing,8,焦燥,0.085600,True
mingqing,9,更觉,0.084785,True
mingqing,10,却,0.083512,True
mingqing,11,标致,0.083147,True
mingqing,12,暗道,0.082827,True
mingqing,13,interiority,0.078236,True
mingqing,14,突突,0.076080,True
mingqing,15,疑惑,0.076029,True
mingqing,16,鲜明,0.074888,True
mingqing,17,口中,0.074260,True
mingqing,18,焦闷,0.073318,True
mingqing,19,暗暗,0.071537,True
mingqing,20,容颜,0.070848,True
mingqing,21,龙颜,0.069786,True
mingqing,22,杨妃,0.069210,True
mingqing,23,口里,0.069162,True
mingqing,24,焦躁,0.068884,True
mingqing,25,酣,0.068881,True
mingqing,26,忐忑,0.067080,True
mingqing,27,甚,0.066820,True
mingqing,28,素臣,0.066390,True
mingqing,29,轩昂,0.066299,True
mingqing,30,喝采,0.065361,True
mingqing,31,津津,0.065042,True
mingqing,32,先自,0.064316,True
mingqing,33,纳闷,0.062572,True
mingqing,34,洒落,0.061833,True
mingqing,35,不安,0.061428,True
mingqing,36,凤姨,0.060534,True
mingqing,37,即忙,0.060486,True
mingqing,38,心疑,0.060208,True
mingqing,39,澹然,0.060158,True
mingqing,40,怀恨,0.058964,True
mingqing,41,吊桶,0.057449,True
mingqing,42,暗将,0.055927,True
mingqing,43,悲酸,0.055916,True
mingqing,44,生得俊,0.054808,True
mingqing,45,更自,0.054584,True
mingqing,46,听得,0.054334,True
mingqing,47,面热,0.053992,True
mingqing,48,高赞,0.053976,True
mingqing,49,已后,0.052277,True
mingqing,50,假以,0.051119,True
mingqing,51,须要,0.050415,True
mingqing,52,内,0.049769,True
mingqing,53,悄,0.049448,True
mingqing,54,抓耳挠腮,0.049240,True
mingqing,55,觉道,0.048973,True
mingqing,56,春兴,0.048445,True
mingqing,57,不得,0.046172,True
mingqing,58,胆,0.045736,True
mingqing,59,精神恍惚,0.045313,True
mingqing,60,祷祝,0.041168,True
mingqing,61,炽,0.040902,True
mingqing,62,依言,0.040816,True
mingqing,63,暗,0.040801,True
mingqing,64,满心欢喜,0.039565,True
mingqing,65,着慌,0.037732,True
mingqing,66,奈何,0.037290,True
mingqing,67,甄龙友,0.035377,True
mingqing,68,了缘,0.035002,True
mingqing,69,歉然,0.035001,True
mingqing,70,伏侍,0.034969,True
mingqing,71,其言,0.034778,True
mingqing,72,云头,0.034759,True
mingqing,73,怨望,0.034705,True
mingqing,74,口,0.034550,True
mingqing,75,解衣,0.034201,True
mingqing,76,寿儿,0.033830,True
mingqing,77,素日,0.033638,True
mingqing,78,尚然,0.033458,True
mingqing,79,悬悬,0.032293,True
mingqing,80,其意,0.031892,True
mingqing,81,言语,0.031737,True
mingqing,82,李勉,0.031504,True
mingqing,83,芳姿,0.031109,True
mingqing,84,过迁,0.030863,True
mingqing,85,火发,0.030792,True
mingqing,86,欣然,0.030671,True
mingqing,87,齐整,0.030419,True
mingqing,88,钻入,0.030263,True
mingqing,89,开封,0.030158,True
mingqing,90,欲火,0.029885,True
mingqing,91,静真,0.029726,True
mingqing,92,苦劝,0.029702,True
mingqing,93,自此,0.029425,True
mingqing,94,厮闹,0.029221,True
mingqing,95,思量,0.028499,True
mingqing,96,款留,0.028342,True
mingqing,97,决撒,0.028181,True
mingqing,98,汪革,0.028133,True
mingqing,99,程宰,0.027983,True
mingqing,100,苗知硕,0.027412,True
mingqing,1,没入脚处,0.600874,False
mingqing,2,欲心如火,0.594545,False
mingqing,3,杨元礼,0.592608,False
mingqing,4,想计,0.591269,False
mingqing,5,便许,0.586708,False
mingqing,6,慌迫,0.584923,False
mingqing,7,呜哩呜喇,0.584523,False
mingqing,8,风丹,0.580700,False
mingqing,9,七上八落,0.578711,False
mingqing,10,罕然,0.577639,False
mingqing,11,快畅,0.575148,False
mingqing,12,无计可奈,0.572645,False
mingqing,13,惭惶,0.572220,False
mingqing,14,复觉,0.570230,False
mingqing,15,武妃,0.570209,False
mingqing,16,元普,0.570201,False
mingqing,17,惟过,0.570197,False
mingqing,18,害酒,0.570162,False
mingqing,19,鲁公,0.567515,False
mingqing,20,闲愁万种,0.566462,False
mingqing,21,朒,0.566301,False
mingqing,22,禁架,0.566257,False
mingqing,23,大卿,0.562400,False
mingqing,24,做张做智,0.562114,False
mingqing,25,半信不信,0.561772,False
mingqing,26,暗称,0.560668,False
mingqing,27,一悲一喜,0.560479,False
mingqing,28,危笃,0.560118,False
mingqing,29,缘道,0.559950,False
mingqing,30,作念,0.559942,False
mingqing,31,暗恼,0.559826,False
mingqing,32,较切,0.559242,False
mingqing,33,吴用听,0.558674,False
mingqing,34,惶愧,0.558572,False
mingqing,35,愈怒,0.558342,False
mingqing,36,伴寝,0.558334,False
mingqing,37,杜薛,0.558029,False
mingqing,38,难止,0.557932,False
mingqing,39,唐僧见,0.557807,False
mingqing,40,偷泪,0.557020,False
mingqing,41,惭沮,0.556958,False
mingqing,42,邻母,0.556926,False
mingqing,43,阎公,0.556794,False
mingqing,44,胸隔,0.556733,False
mingqing,45,小鹿儿,0.556558,False
mingqing,46,莫措,0.556534,False
mingqing,47,绞肠,0.556093,False
mingqing,48,转加,0.556008,False
mingqing,49,心欢,0.555714,False
mingqing,50,孙三郎,0.555046,False
mingqing,51,畅美,0.553999,False
mingqing,52,耳热眼跳,0.553935,False
mingqing,53,那田氏,0.552558,False
mingqing,54,了缘,0.552378,False
mingqing,55,玄宗见,0.552278,False
mingqing,56,管典,0.552270,False
mingqing,57,嗐声叹气,0.551296,False
mingqing,58,申子,0.551277,False
mingqing,59,朱秉中,0.551259,False
mingqing,60,疑起,0.551003,False
mingqing,61,筋节,0.550849,False
mingqing,62,撇向,0.550809,False
mingqing,63,人擎,0.550785,False
mingqing,64,众方,0.550670,False
mingqing,65,鹘,0.550578,False
mingqing,66,沉困,0.550410,False
mingqing,67,内流,0.550172,False
mingqing,68,疑与,0.550095,False
mingqing,69,如着,0.549995,False
mingqing,70,似水如鱼,0.549964,False
mingqing,71,耳红,0.549960,False
mingqing,72,厮爱,0.549565,False
mingqing,73,淫水,0.549478,False
mingqing,74,愧心,0.548648,False
mingqing,75,顿改,0.548407,False
mingqing,76,黛娇,0.548069,False
mingqing,77,汗流如雨,0.547775,False
mingqing,78,两泪,0.547652,False
mingqing,79,狄氏,0.547121,False
mingqing,80,秋公见,0.546909,False
mingqing,81,程案,0.546732,False
mingqing,82,热痒,0.546722,False
mingqing,83,听动,0.546378,False
mingqing,84,秀娥,0.546334,False
mingqing,85,下觉,0.546232,False
mingqing,86,狂兴,0.546179,False
mingqing,87,忧惊,0.546059,False
mingqing,88,嚼念,0.546057,False
mingqing,89,打号,0.545605,False
mingqing,90,悒快,0.545427,False
mingqing,91,将展爷,0.544986,False
mingqing,92,中话,0.544816,False
mingqing,93,疑影,0.544665,False
mingqing,94,时言,0.544603,False
mingqing,95,猜够,0.544397,False
mingqing,96,王江,0.544231,False
mingqing,97,杨素梅,0.544085,False
mingqing,98,坐而泣,0.544055,False
mingqing,99,畅然,0.543867,False
mingqing,100,面染,0.543531,False
late_qing,1,暗喜,0.160382,True
late_qing,2,暗想,0.127128,True
late_qing,3,暗道,0.122205,True
late_qing,4,所思,0.106800,True
late_qing,5,暗暗,0.103533,True
late_qing,6,手舞足蹈,0.100261,True
late_qing,7,甚为,0.095629,True
late_qing,8,诧异,0.092395,True
late_qing,9,纳闷,0.091895,True
late_qing,10,着实,0.090090,True
late_qing,11,疑惑,0.089764,True
late_qing,12,听得,0.089253,True
late_qing,13,登时,0.089091,True
late_qing,14,弃,0.089045,True
late_qing,15,interiority,0.087366,True
late_qing,16,喝采,0.080550,True
late_qing,17,烦闷,0.078321,True
late_qing,18,愁闷,0.072825,True
late_qing,19,黄之盛,0.070771,True
late_qing,20,马氏,0.069916,True
late_qing,21,恩铭,0.068888,True
late_qing,22,暗吃一惊,0.068127,True
late_qing,23,益发,0.067271,True
late_qing,24,不定,0.064551,True
late_qing,25,一片至诚,0.064410,True
late_qing,26,忿恨,0.063251,True
late_qing,27,甚不,0.063188,True
late_qing,28,喜出望外,0.062733,True
late_qing,29,不免,0.061581,True
late_qing,30,满肚皮,0.061457,True
late_qing,31,畲,0.061147,True
late_qing,32,勉强,0.057842,True
late_qing,33,深晓,0.057424,True
late_qing,34,此信,0.056349,True
late_qing,35,盘算,0.055972,True
late_qing,36,老爷,0.053438,True
late_qing,37,便,0.049608,True
late_qing,38,暗笑,0.049351,True
late_qing,39,更觉,0.048815,True
late_qing,40,七上八下,0.048711,True
late_qing,41,难过,0.048461,True
late_qing,42,有心,0.048075,True
late_qing,43,绣球,0.047877,True
late_qing,44,有气,0.047580,True
late_qing,45,放心不下,0.047398,True
late_qing,46,不服,0.047133,True
late_qing,47,懮,0.047018,True
late_qing,48,闷,0.044723,True
late_qing,49,梦太,0.044652,True
late_qing,50,想道,0.044449,True
late_qing,51,焦燥,0.043357,True
late_qing,52,总爷,0.043172,True
late_qing,53,疑团,0.042862,True
late_qing,54,走头无路,0.042564,True
late_qing,55,恨不能,0.041957,True
late_qing,56,毕拍,0.041564,True
late_qing,57,骆青,0.041394,True
late_qing,58,名利,0.040950,True
late_qing,59,甚是,0.040177,True
late_qing,60,雨墨,0.038775,True
late_qing,61,至此,0.037134,True
late_qing,62,冒火,0.036889,True
late_qing,63,寻思,0.036797,True
late_qing,64,茶饭无心,0.036768,True
late_qing,65,金台,0.036738,True
late_qing,66,一急,0.036587,True
late_qing,67,这般,0.035767,True
late_qing,68,暗计,0.035517,True
late_qing,69,立志,0.035505,True
late_qing,70,天仙,0.035100,True
late_qing,71,迄自,0.031558,True
late_qing,72,一闻,0.031474,True
late_qing,73,不乐,0.031039,True
late_qing,74,不出,0.030861,True
late_qing,75,施生,0.030713,True
late_qing,76,疑讶,0.029559,True
late_qing,77,之时,0.029417,True
late_qing,78,贾政听,0.027742,True
late_qing,79,气闷,0.027687,True
late_qing,80,方才,0.026549,True
late_qing,81,因,0.025675,True
late_qing,82,此言,0.025620,True
late_qing,83,甚好,0.025527,True
late_qing,84,愧,0.025197,True
late_qing,85,无法可施,0.025187,True
late_qing,86,暗,0.023735,True
late_qing,87,心仪,0.023434,True
late_qing,88,见,0.023428,True
late_qing,89,高兴,0.023345,True
late_qing,90,颜生,0.023176,True
late_qing,91,称奇,0.023119,True
late_qing,92,札子,0.023044,True
late_qing,93,抓耳挠腮,0.022411,True
late_qing,94,小观,0.021884,True
late_qing,95,一听,0.021718,True
late_qing,96,急出,0.021362,True
late_qing,97,听说,0.020926,True
late_qing,98,火发,0.020716,True
late_qing,99,暗骂,0.020611,True
late_qing,100,疑猜,0.020541,True
late_qing,1,毕拍,0.644392,False
late_qing,2,忐忑不定,0.616838,False
late_qing,3,懊闷,0.603961,False
late_qing,4,犯想,0.596751,False
late_qing,5,刘典史,0.588538,False
late_qing,6,兰姑亦,0.587643,False
late_qing,7,江明,0.584489,False
late_qing,8,子厚,0.582531,False
late_qing,9,罕异,0.580692,False
late_qing,10,暗想,0.577502,False
late_qing,11,沙氏,0.577447,False
late_qing,12,敁敪,0.576897,False
late_qing,13,司亦司,0.575057,False
late_qing,14,同来同往,0.571130,False
late_qing,15,半忧半喜,0.570743,False
late_qing,16,代局,0.570203,False
late_qing,17,忽得此,0.569586,False
late_qing,18,刘益三,0.568065,False
late_qing,19,玉贤,0.567809,False
late_qing,20,书腐,0.567028,False
late_qing,21,伯旦,0.566848,False
late_qing,22,颜大,0.565544,False
late_qing,23,万绪千头,0.563197,False
late_qing,24,闷恹恹,0.563188,False
late_qing,25,借话,0.563164,False
late_qing,26,想计,0.562850,False
late_qing,27,迄自,0.562334,False
late_qing,28,心痒难抓,0.562188,False
late_qing,29,自思自想,0.561194,False
late_qing,30,杨元礼,0.559679,False
late_qing,31,龙一闻,0.558466,False
late_qing,32,萧墙祸起,0.558463,False
late_qing,33,催速,0.558256,False
late_qing,34,游仙枕,0.558146,False
late_qing,35,痛疮,0.556738,False
late_qing,36,吐气扬眉,0.556560,False
late_qing,37,发惨,0.556297,False
late_qing,38,莫方一闻,0.554712,False
late_qing,39,暗道,0.553093,False
late_qing,40,老亨,0.552885,False
late_qing,41,桃夫,0.552848,False
late_qing,42,杳无信息,0.551689,False
late_qing,43,贼人心虚,0.551533,False
late_qing,44,轻骑简从,0.551210,False
late_qing,45,甚合己意,0.550840,False
late_qing,46,于锦娘,0.550001,False
late_qing,47,知话,0.549971,False
late_qing,48,采道,0.548922,False
late_qing,49,包海,0.548487,False
late_qing,50,青天霹雳,0.548166,False
late_qing,51,申子,0.547286,False
late_qing,52,乐不可言,0.545501,False
late_qing,53,刘益,0.545110,False
late_qing,54,巧法,0.545031,False
late_qing,55,人品出众,0.544864,False
late_qing,56,心柏,0.544238,False
late_qing,57,奸王,0.544133,False
late_qing,58,马廉,0.543322,False
late_qing,59,李溜,0.543260,False
late_qing,60,鲁公,0.543152,False
late_qing,61,刘进吉,0.542853,False
late_qing,62,陈开,0.542814,False
late_qing,63,祝三,0.542543,False
late_qing,64,花冲,0.542485,False
late_qing,65,白风,0.542236,False
late_qing,66,巧娘,0.542083,False
late_qing,67,素裕,0.541802,False
late_qing,68,急燥,0.540410,False
late_qing,69,欢肠,0.540012,False
late_qing,70,金公见,0.538890,False
late_qing,71,讨愧,0.538749,False
late_qing,72,投施,0.538749,False
late_qing,73,悒快,0.538280,False
late_qing,74,为施,0.538267,False
late_qing,75,杨公见,0.537719,False
late_qing,76,做张做智,0.537265,False
late_qing,77,合施,0.537252,False
late_qing,78,一烦,0.536828,False
late_qing,79,鹤亭,0.536807,False
late_qing,80,直急,0.536806,False
late_qing,81,觉放,0.536746,False
late_qing,82,包相,0.536637,False
late_qing,83,颇慰,0.536120,False
late_qing,84,佑见,0.536051,False
late_qing,85,不思疑,0.536035,False
late_qing,86,一忧一喜,0.535919,False
late_qing,87,忙中有错,0.535552,False
late_qing,88,根寿,0.535223,False
late_qing,89,满肚皮,0.535212,False
late_qing,90,遭上,0.535092,False
late_qing,91,徐壁元,0.534956,False
late_qing,92,反跌,0.534650,False
late_qing,93,异地相逢,0.534354,False
late_qing,94,忐,0.534230,False
late_qing,95,柳洪,0.534123,False
late_qing,96,阔论,0.533870,False
late_qing,97,林达山,0.533860,False
late_qing,98,王慕,0.533554,False
late_qing,99,贾芸来,0.533479,False
late_qing,100,卸罪,0.533385,False
republican,1,interiority,0.205610,True
republican,2,好像,0.170031,True
republican,3,一种,0.143449,True
republican,4,感着,0.132886,True
republican,5,烦闷,0.115307,True
republican,6,受著,0.114464,True
republican,7,底,0.112567,True
republican,8,感触,0.106796,True
republican,9,难过,0.102427,True
republican,10,浮上,0.086803,True
republican,11,隐痛,0.086014,True
republican,12,话语,0.085275,True
republican,13,陷落,0.072424,True
republican,14,愉快,0.071698,True
republican,15,完全,0.070501,True
republican,16,烦乱,0.070255,True
republican,17,含著,0.068873,True
republican,18,松鹤,0.064724,True
republican,19,底内,0.064513,True
republican,20,幸福,0.064222,True
republican,21,很,0.061423,True
republican,22,很乱,0.060678,True
republican,23,仲昭,0.059840,True
republican,24,蕴蓄,0.057500,True
republican,25,感到,0.056316,True
republican,26,悲愤,0.055220,True
republican,27,无穷的,0.054202,True
republican,28,柳遇春,0.053926,True
republican,29,光辉,0.053525,True
republican,30,确,0.052192,True
republican,31,抑制,0.051289,True
republican,32,描写,0.050256,True
republican,33,怀著,0.049928,True
republican,34,兴奋,0.049318,True
republican,35,辛酸,0.049157,True
republican,36,关于,0.048767,True
republican,37,著,0.048658,True
republican,38,突然,0.048355,True
republican,39,阿非,0.047998,True
republican,40,猜不透,0.045741,True
republican,41,悲酸,0.045192,True
republican,42,有点,0.044783,True
republican,43,愈想愈,0.043602,True
republican,44,很烦,0.042463,True
republican,45,素裳,0.042349,True
republican,46,失望,0.041917,True
republican,47,一点,0.041509,True
republican,48,哭,0.041188,True
republican,49,白苹,0.040275,True
republican,50,却,0.038867,True
republican,51,迷惘,0.038233,True
republican,52,朱谷良,0.037219,True
republican,53,倾吐,0.036913,True
republican,54,沈丽英,0.035217,True
republican,55,不安,0.035020,True
republican,56,侮辱,0.034179,True
republican,57,热望,0.034125,True
republican,58,徐绮,0.033172,True
republican,59,木兰,0.032835,True
republican,60,罗雪茵,0.032463,True
republican,61,浮到,0.031475,True
republican,62,说出,0.031269,True
republican,63,赵天知,0.030493,True
republican,64,流动,0.030466,True
republican,65,汪卓伦,0.029882,True
republican,66,情感,0.029847,True
republican,67,觉得,0.028979,True
republican,68,揣着,0.028683,True
republican,69,瑞宣,0.028669,True
republican,70,心想,0.028565,True
republican,71,第一次,0.028122,True
republican,72,自强,0.027213,True
republican,73,听得,0.026962,True
republican,74,夏陆,0.026554,True
republican,75,万同菁,0.026045,True
republican,76,高兴,0.025321,True
republican,77,支配,0.025090,True
republican,78,寂寞,0.025020,True
republican,79,憧憬,0.024781,True
republican,80,女士,0.024648,True
republican,81,有些,0.024192,True
republican,82,史蒂芬,0.024008,True
republican,83,安适,0.023370,True
republican,84,感觉,0.023193,True
republican,85,同情,0.023098,True
republican,86,陆明栋,0.023007,True
republican,87,野求,0.022983,True
republican,88,表露,0.022949,True
republican,89,忧愁,0.022851,True
republican,90,萝,0.022145,True
republican,91,床上,0.021792,True
republican,92,抑郁,0.021650,True
republican,93,怅惘,0.021485,True
republican,94,慰藉,0.020880,True
republican,95,声音,0.020814,True
republican,96,悲凉,0.020464,True
republican,97,眼泪,0.020379,True
republican,98,发泄,0.020039,True
republican,99,对于,0.019994,True
republican,100,知道,0.019747,True
republican,1,非常悲哀,0.629714,False
republican,2,感着,0.629357,False
republican,3,瑞宣极,0.626150,False
republican,4,幽悒,0.625044,False
republican,5,矜藉,0.622606,False
republican,6,使施,0.621293,False
republican,7,绞著,0.620576,False
republican,8,手是,0.620006,False
republican,9,魅惑,0.619565,False
republican,10,控制力,0.619510,False
republican,11,心因,0.618685,False
republican,12,难以言状,0.618388,False
republican,13,说述,0.617275,False
republican,14,祁瑞宣,0.617017,False
republican,15,嘴部,0.616205,False
republican,16,刀刺,0.615241,False
republican,17,无可安慰,0.614693,False
republican,18,倦厌,0.613096,False
republican,19,墓头,0.610232,False
republican,20,煎迫,0.610083,False
republican,21,绝未,0.610003,False
republican,22,悒闷,0.609579,False
republican,23,无法形容,0.609535,False
republican,24,陆底,0.608816,False
republican,25,读着,0.608549,False
republican,26,惋的,0.608362,False
republican,27,急死,0.608018,False
republican,28,心幕,0.607960,False
republican,29,困恼,0.607809,False
republican,30,视著,0.606623,False
republican,31,凄伤,0.605964,False
republican,32,摸触,0.605764,False
republican,33,只想哭,0.605486,False
republican,34,可尊敬,0.605425,False
republican,35,绮很,0.605416,False
republican,36,迟疑不定,0.605025,False
republican,37,怀哥,0.604345,False
republican,38,负罪感,0.604160,False
republican,39,木会,0.604063,False
republican,40,理想家,0.604022,False
republican,41,低诉,0.603953,False
republican,42,恋慕,0.602729,False
republican,43,触感,0.602655,False
republican,44,云仓君,0.601632,False
republican,45,底内,0.601589,False
republican,46,固持,0.601003,False
republican,47,性高潮,0.600823,False
republican,48,单恋,0.600628,False
republican,49,咬牙齿,0.600287,False
republican,50,忿慨,0.599540,False
republican,51,萎落,0.599358,False
republican,52,景惠,0.599224,False
republican,53,底唇,0.599221,False
republican,54,忸怩不安,0.598825,False
republican,55,底因,0.598496,False
republican,56,周得福,0.598193,False
republican,57,横梗,0.597870,False
republican,58,激躁,0.597463,False
republican,59,攻子之盾,0.597340,False
republican,60,底站,0.597296,False
republican,61,堕进,0.597203,False
republican,62,泪液,0.597139,False
republican,63,老蔫儿,0.597135,False
republican,64,英雄式,0.597055,False
republican,65,韶华易,0.596690,False
republican,66,堕到,0.596417,False
republican,67,孤独感,0.596330,False
republican,68,生怯,0.596162,False
republican,69,了敏,0.595855,False
republican,70,浮著,0.595480,False
republican,71,愈想愈,0.595358,False
republican,72,既成,0.595277,False
republican,73,要笑,0.594963,False
republican,74,细同,0.594894,False
republican,75,绕晕,0.594755,False
republican,76,冬晚,0.594611,False
republican,77,和瑞,0.594517,False
republican,78,了仲昭,0.594517,False
republican,79,地觉,0.593601,False
republican,80,露给,0.593311,False
republican,81,矫作,0.593162,False
republican,82,刺戟,0.592579,False
republican,83,受欺,0.592556,False
republican,84,陈女士,0.592316,False
republican,85,身里,0.592274,False
republican,86,爱流,0.592241,False
republican,87,悲寂,0.591795,False
republican,88,向红玉,0.591665,False
republican,89,殉教者,0.591321,False
republican,90,底身,0.591315,False
republican,91,健康人,0.591244,False
republican,92,恶兆,0.591124,False
republican,93,浮显,0.591110,False
republican,94,苦闷,0.590601,False
republican,95,嫩弱,0.590274,False
republican,96,忿激,0.589948,False
republican,97,怨色,0.589922,False
republican,98,很天,0.589888,False
republican,99,表露出,0.589877,False
republican,100,孩气,0.589337,False
socialist,1,豁亮,0.210450,True
socialist,2,冒火,0.190235,True
socialist,3,翻腾,0.170713,True
socialist,4,interiority,0.156946,True
socialist,5,怒火,0.151619,True
socialist,6,完全,0.146582,True
socialist,7,针扎,0.139885,True
socialist,8,翠花,0.130400,True
socialist,9,烟雾,0.123919,True
socialist,10,田雨,0.115504,True
socialist,11,长春,0.108156,True
socialist,12,高兴,0.103024,True
socialist,13,迷迷糊糊,0.100804,True
socialist,14,犯嘀咕,0.095863,True
socialist,15,越,0.094046,True
socialist,16,道静,0.093576,True
socialist,17,心想,0.093137,True
socialist,18,烦乱,0.090841,True
socialist,19,压抑着,0.086630,True
socialist,20,转,0.086271,True
socialist,21,冒上来,0.082921,True
socialist,22,萌起,0.079788,True
socialist,23,突突,0.078787,True
socialist,24,舒坦,0.078150,True
socialist,25,难过,0.077171,True
socialist,26,哭,0.076794,True
socialist,27,有点,0.076469,True
socialist,28,不好受,0.074316,True
socialist,29,一股,0.073494,True
socialist,30,吭气,0.071302,True
socialist,31,涌起,0.070444,True
socialist,32,边,0.069012,True
socialist,33,叨念,0.068270,True
socialist,34,小野,0.066333,True
socialist,35,发冷,0.066244,True
socialist,36,增福,0.064824,True
socialist,37,揣着,0.063951,True
socialist,38,一下,0.063939,True
socialist,39,难受,0.063478,True
socialist,40,郑敬之,0.062798,True
socialist,41,压着,0.062461,True
socialist,42,动摇,0.062021,True
socialist,43,疙瘩,0.061708,True
socialist,44,听,0.060843,True
socialist,45,不安,0.060715,True
socialist,46,按捺,0.059679,True
socialist,47,急躁,0.058630,True
socialist,48,透,0.058038,True
socialist,49,堵,0.057892,True
socialist,50,发潮,0.057706,True
socialist,51,紧缩,0.056586,True
socialist,52,这会儿,0.056360,True
socialist,53,很乱,0.056076,True
socialist,54,脸,0.055929,True
socialist,55,翻滚滚,0.055850,True
socialist,56,觉着,0.054194,True
socialist,57,转开,0.054067,True
socialist,58,捉摸,0.052942,True
socialist,59,气愤,0.052744,True
socialist,60,睡不着,0.052364,True
socialist,61,郑百如,0.050978,True
socialist,62,踏实,0.050867,True
socialist,63,直跳,0.050688,True
socialist,64,话语,0.050620,True
socialist,65,敬佩,0.050165,True
socialist,66,暖流,0.050071,True
socialist,67,一动,0.049820,True
socialist,68,兴奋,0.049428,True
socialist,69,火烧火燎,0.049216,True
socialist,70,一阵阵,0.048278,True
socialist,71,紧,0.048216,True
socialist,72,嘴上,0.047784,True
socialist,73,从心,0.046064,True
socialist,74,迷迷瞪瞪,0.045556,True
socialist,75,使劲儿,0.045500,True
socialist,76,昨天早上,0.045134,True
socialist,77,满有,0.045095,True
socialist,78,郭彩娣,0.043150,True
socialist,79,沉甸甸,0.042583,True
socialist,80,着劲,0.042451,True
socialist,81,马之悦,0.042130,True
socialist,82,悲酸,0.041720,True
socialist,83,烦躁,0.041406,True
socialist,84,郭振山,0.040618,True
socialist,85,惴惴不安,0.039959,True
socialist,86,慌神,0.039832,True
socialist,87,高大,0.039746,True
socialist,88,猛地,0.038864,True
socialist,89,摸不透,0.038519,True
socialist,90,火辣,0.038205,True
socialist,91,秦恺,0.038182,True
socialist,92,掉下来,0.037949,True
socialist,93,抽动,0.037812,True
socialist,94,不由自主,0.037551,True
socialist,95,冒汗,0.037449,True
socialist,96,不由得,0.037412,True
socialist,97,邓久宽,0.036973,True
socialist,98,文庆妈,0.036698,True
socialist,99,解气,0.036644,True
socialist,100,发毛,0.035901,True
socialist,1,热呼呼,0.681534,False
socialist,2,边挺,0.676941,False
socialist,3,烧心,0.672684,False
socialist,4,发潮,0.666005,False
socialist,5,乐滋滋,0.647497,False
socialist,6,热滚滚,0.645686,False
socialist,7,心一跳,0.645443,False
socialist,8,眼人,0.643654,False
socialist,9,一阵发,0.642822,False
socialist,10,听秀珍,0.641021,False
socialist,11,一酸,0.639153,False
socialist,12,燃胸,0.638638,False
socialist,13,气火,0.637459,False
socialist,14,话碴,0.637327,False
socialist,15,直发毛,0.637203,False
socialist,16,绞心,0.636108,False
socialist,17,小志勇,0.635472,False
socialist,18,成听,0.635147,False
socialist,19,了志勇,0.634994,False
socialist,20,装事,0.632747,False
socialist,21,了建梅,0.629761,False
socialist,22,犹豫起来,0.629443,False
socialist,23,垂了下去,0.627534,False
socialist,24,张有强,0.626893,False
socialist,25,恐惧心理,0.626356,False
socialist,26,拦禁,0.626190,False
socialist,27,紧板,0.626137,False
socialist,28,象块,0.625880,False
socialist,29,了秀珍,0.625383,False
socialist,30,翻江滚浪,0.623946,False
socialist,31,发呕,0.623776,False
socialist,32,没了底,0.623519,False
socialist,33,着言,0.623366,False
socialist,34,打冷战,0.621702,False
socialist,35,碰心,0.621673,False
socialist,36,乱麻麻,0.621147,False
socialist,37,惨相,0.619996,False
socialist,38,狂烧,0.619865,False
socialist,39,火说,0.619767,False
socialist,40,猛丁,0.619739,False
socialist,41,犹予,0.619589,False
socialist,42,顺不,0.619495,False
socialist,43,秦方见,0.619460,False
socialist,44,觉乎,0.619355,False
socialist,45,心一沉,0.618827,False
socialist,46,麻酥酥,0.618316,False
socialist,47,纳起,0.617732,False
socialist,48,在理,0.617287,False
socialist,49,怀强,0.616625,False
socialist,50,歪门,0.615806,False
socialist,51,娥那,0.615330,False
socialist,52,边想,0.613484,False
socialist,53,一悸,0.613096,False
socialist,54,心亏,0.612919,False
socialist,55,朝文,0.612858,False
socialist,56,根针,0.612135,False
socialist,57,烧退,0.611745,False
socialist,58,甜滋滋,0.611713,False
socialist,59,思摸思摸,0.611028,False
socialist,60,概地,0.610732,False
socialist,61,恼火起来,0.610194,False
socialist,62,韶华易,0.610078,False
socialist,63,掩藏不住,0.609454,False
socialist,64,郎诚,0.608502,False
socialist,65,眉泉,0.608253,False
socialist,66,不能平静,0.608156,False
socialist,67,梁大听,0.607828,False
socialist,68,不顺气,0.607487,False
socialist,69,都发青,0.607282,False
socialist,70,着间,0.606805,False
socialist,71,迈错,0.606661,False
socialist,72,地鼓,0.606105,False
socialist,73,像触,0.605765,False
socialist,74,屯儿,0.605606,False
socialist,75,迫逼,0.605126,False
socialist,76,犯嘀咕,0.605044,False
socialist,77,水漉漉,0.604800,False
socialist,78,火冒三尺,0.604539,False
socialist,79,怦怦直跳,0.603709,False
socialist,80,刺闹,0.603571,False
socialist,81,血冲,0.603447,False
socialist,82,子火,0.602511,False
socialist,83,不是味儿,0.602323,False
socialist,84,踥,0.602112,False
socialist,85,长嘘短叹,0.601480,False
socialist,86,涨脑,0.601284,False
socialist,87,拧起来,0.601243,False
socialist,88,昏胀,0.601086,False
socialist,89,很气,0.601022,False
socialist,90,用心听,0.600787,False
socialist,91,昨天早上,0.600621,False
socialist,92,苦虑,0.600171,False
socialist,93,水说,0.600155,False
socialist,94,铁功,0.599668,False
socialist,95,地恨,0.599576,False
socialist,96,追根问底,0.599562,False
socialist,97,火烧火燎,0.599448,False
socialist,98,没词,0.599241,False
socialist,99,凶样,0.599138,False
socialist,100,笑乎乎,0.599076,False
contemporary,1,郁闷,0.136488,True
contemporary,2,interiority,0.134258,True
contemporary,3,沉甸甸,0.131575,True
contemporary,4,烟雾,0.128732,True
contemporary,5,隐隐作痛,0.124138,True
contemporary,6,一种,0.116478,True
contemporary,7,烦乱,0.112219,True
contemporary,8,涌上,0.108054,True
contemporary,9,冰凉,0.107697,True
contemporary,10,压抑着,0.103373,True
contemporary,11,涌动,0.099940,True
contemporary,12,一刻起,0.097913,True
contemporary,13,牟春光,0.094682,True
contemporary,14,头晕目眩,0.094277,True
contemporary,15,屏幕,0.094229,True
contemporary,16,暖流,0.090214,True
contemporary,17,迷迷糊糊,0.089323,True
contemporary,18,王大夫,0.088329,True
contemporary,19,温热,0.086716,True
contemporary,20,揣着,0.086547,True
contemporary,21,落在,0.085983,True
contemporary,22,辛酸,0.083770,True
contemporary,23,升起,0.081690,True
contemporary,24,琢磨,0.081381,True
contemporary,25,嗒,0.080910,True
contemporary,26,那一刻,0.080853,True
contemporary,27,泪水,0.080403,True
contemporary,28,猛地,0.080301,True
contemporary,29,猜测,0.079202,True
contemporary,30,暖暖的,0.075055,True
contemporary,31,清晰,0.074618,True
contemporary,32,惴惴不安,0.074032,True
contemporary,33,突然,0.073140,True
contemporary,34,萦绕,0.073049,True
contemporary,35,发紧,0.072362,True
contemporary,36,很烦,0.071120,True
contemporary,37,上涌,0.071068,True
contemporary,38,哗哗,0.070593,True
contemporary,39,激灵,0.070383,True
contemporary,40,暖,0.070367,True
contemporary,41,寇铁,0.069397,True
contemporary,42,淑彦,0.069325,True
contemporary,43,一阵阵,0.068537,True
contemporary,44,滑出,0.068139,True
contemporary,45,一股,0.067493,True
contemporary,46,雍正,0.067239,True
contemporary,47,滑落,0.065660,True
contemporary,48,踏实,0.065563,True
contemporary,49,话语,0.065364,True
contemporary,50,内心深处,0.064582,True
contemporary,51,酸楚,0.064322,True
contemporary,52,恐惧,0.062816,True
contemporary,53,浓浓的,0.062480,True
contemporary,54,火辣,0.062378,True
contemporary,55,季婷婷,0.062135,True
contemporary,56,感到,0.062131,True
contemporary,57,小心翼翼,0.061893,True
contemporary,58,诉说着,0.061719,True
contemporary,59,颠簸,0.061627,True
contemporary,60,流动,0.061213,True
contemporary,61,难言,0.060989,True
contemporary,62,好像,0.060956,True
contemporary,63,震颤,0.060303,True
contemporary,64,部位,0.060034,True
contemporary,65,久久,0.059987,True
contemporary,66,一片空白,0.059433,True
contemporary,67,经历,0.059399,True
contemporary,68,流言,0.059233,True
contemporary,69,地,0.059165,True
contemporary,70,辩解,0.058479,True
contemporary,71,挤压,0.058448,True
contemporary,72,往下掉,0.058246,True
contemporary,73,嗡嗡响,0.058109,True
contemporary,74,搏动,0.055244,True
contemporary,75,泪花,0.055214,True
contemporary,76,哭,0.055175,True
contemporary,77,涌起,0.054660,True
contemporary,78,日日夜夜,0.054540,True
contemporary,79,翻腾,0.054173,True
contemporary,80,夏小羽,0.053865,True
contemporary,81,捶打,0.053552,True
contemporary,82,哭声,0.053255,True
contemporary,83,沙复明,0.053098,True
contemporary,84,血管,0.052943,True
contemporary,85,李云龙,0.052873,True
contemporary,86,手机,0.052559,True
contemporary,87,动摇,0.052418,True
contemporary,88,流着泪,0.052287,True
contemporary,89,发泄,0.052140,True
contemporary,90,一次次,0.052015,True
contemporary,91,苏道诚,0.051915,True
contemporary,92,苦涩,0.051527,True
contemporary,93,贴着,0.051334,True
contemporary,94,痛楚,0.051178,True
contemporary,95,欢愉,0.050859,True
contemporary,96,颈椎,0.050744,True
contemporary,97,梁冰玉,0.050670,True
contemporary,98,禩,0.050546,True
contemporary,99,感觉,0.049834,True
contemporary,100,火烧火燎,0.049403,True
contemporary,1,颈椎,0.618527,False
contemporary,2,厌恶感,0.606655,False
contemporary,3,在述,0.604582,False
contemporary,4,吻住,0.604370,False
contemporary,5,眼皮跳,0.603113,False
contemporary,6,理还乱,0.598544,False
contemporary,7,悸动,0.595432,False
contemporary,8,丧失理智,0.592137,False
contemporary,9,很酸,0.588130,False
contemporary,10,惊悚,0.587511,False
contemporary,11,激动不已,0.585772,False
contemporary,12,刺痒,0.584602,False
contemporary,13,郁怒,0.584154,False
contemporary,14,一片空白,0.583266,False
contemporary,15,发堵,0.582575,False
contemporary,16,一吐为快,0.582417,False
contemporary,17,程父,0.581860,False
contemporary,18,气定神闲,0.581800,False
contemporary,19,挥之不去,0.581740,False
contemporary,20,心评,0.581600,False
contemporary,21,从少平,0.581509,False
contemporary,22,膝关节,0.581112,False
contemporary,23,心凉,0.581014,False
contemporary,24,侧台,0.580493,False
contemporary,25,恨意,0.580162,False
contemporary,26,承受不住,0.579988,False
contemporary,27,背脊骨,0.579931,False
contemporary,28,末日来临,0.579690,False
contemporary,29,会心一笑,0.579672,False
contemporary,30,狂野,0.579144,False
contemporary,31,很慌,0.578978,False
contemporary,32,电击,0.578864,False
contemporary,33,心潮起伏,0.578169,False
contemporary,34,倍感,0.577945,False
contemporary,35,激跳,0.577800,False
contemporary,36,尘埃落定,0.577532,False
contemporary,37,言行举止,0.577297,False
contemporary,38,轻呼,0.577004,False
contemporary,39,漫上,0.576669,False
contemporary,40,黄菊香,0.575508,False
contemporary,41,休息区,0.575486,False
contemporary,42,机械运动,0.575434,False
contemporary,43,从小孔,0.573136,False
contemporary,44,拥吻,0.571785,False
contemporary,45,落心,0.571726,False
contemporary,46,乱线,0.571488,False
contemporary,47,捕捉到,0.571445,False
contemporary,48,熨帖,0.570414,False
contemporary,49,木刺,0.570035,False
contemporary,50,欣喜若狂,0.569550,False
contemporary,51,手才,0.569542,False
contemporary,52,酸酸,0.568967,False
contemporary,53,出轨,0.568834,False
contemporary,54,神经纤维,0.568762,False
contemporary,55,贴上来,0.568715,False
contemporary,56,心跳声,0.568694,False
contemporary,57,蔫不,0.568638,False
contemporary,58,必必,0.568011,False
contemporary,59,着说,0.567781,False
contemporary,60,夜访,0.567621,False
contemporary,61,心一沉,0.567189,False
contemporary,62,颤震,0.567076,False
contemporary,63,互诉,0.566959,False
contemporary,64,溃疡,0.566544,False
contemporary,65,她身,0.566419,False
contemporary,66,一下子全部,0.566238,False
contemporary,67,梁恩申,0.566190,False
contemporary,68,像落,0.565757,False
contemporary,69,抹不掉,0.565607,False
contemporary,70,杨巡挺,0.565425,False
contemporary,71,脑海中,0.565142,False
contemporary,72,石头人,0.565058,False
contemporary,73,视网膜,0.564728,False
contemporary,74,磕磕碰碰,0.564500,False
contemporary,75,翠如意,0.564391,False
contemporary,76,悲愤交加,0.564072,False
contemporary,77,凭直觉,0.563921,False
contemporary,78,一刻起,0.563755,False
contemporary,79,硬块,0.563676,False
contemporary,80,软成,0.563521,False
contemporary,81,速冻,0.562888,False
contemporary,82,键盘,0.562462,False
contemporary,83,巨痛,0.562403,False
contemporary,84,片言只语,0.562318,False
contemporary,85,撕肝裂肺,0.562216,False
contemporary,86,羊癫风,0.561869,False
contemporary,87,哏哏,0.561849,False
contemporary,88,怦,0.561720,False
contemporary,89,切却,0.561624,False
contemporary,90,嗡嗡响,0.561523,False
contemporary,91,麻酥酥,0.561518,False
contemporary,92,释怀,0.561264,False
contemporary,93,毫无警觉,0.561020,False
contemporary,94,浑然不觉,0.560914,False
contemporary,95,搂紧,0.560667,False
contemporary,96,突发,0.560562,False
contemporary,97,撼醒,0.560500,False
contemporary,98,凉凉的,0.560477,False
contemporary,99,鼻根,0.559785,False
contemporary,100,扪心自问,0.559651,False
